pdf_source;page_pdf;image_source;destination;distance_visuelle
1° tome/Classeur1 Originaux.pdf;1;1° tome/000 bSans titre - 1.jpg;Tome 01 - 1781-1800/Tome 01 - scan 0001 - couverture.jpg;5.33982635886332e-08
1° tome/Classeur1 Originaux.pdf;2;1° tome/000 eSans titre - 2.jpg;Tome 01 - 1781-1800/Tome 01 - scan 0002 - page de titre.jpg;2.669912824160292e-08
1° tome/Classeur1 Originaux.pdf;3;1° tome/001 Sans titre - 4.jpg;Tome 01 - 1781-1800/Tome 01 - scan 0003 - introduction.jpg;1.6286470838622336e-07
1° tome/Classeur1 Originaux.pdf;4;1° tome/002 Sans titre - 5.jpg;Tome 01 - 1781-1800/Tome 01 - scan 0004 - feuillet.jpg;4.1116663851425983e-07
1° tome/Classeur1 Originaux.pdf;5;1° tome/003 Sans titre - 6.jpg;Tome 01 - 1781-1800/Tome 01 - scan 0005 - feuillet.jpg;4.3519582959561376e-07
1° tome/Classeur1 Originaux.pdf;6;1° tome/004 Sans titre - 7.jpg;Tome 01 - 1781-1800/Tome 01 - scan 0006 - plan.jpg;1.7087444348362624e-07
1° tome/Classeur1 Originaux.pdf;7;1° tome/005 Sans titre - 8.jpg;Tome 01 - 1781-1800/Tome 01 - scan 0007 - feuillet.jpg;1.2014608330446208e-07
1° tome/Classeur1 Originaux.pdf;8;1° tome/006 Sans titre - 9.jpg;Tome 01 - 1781-1800/Tome 01 - scan 0008 - feuillet.jpg;4.298559872495389e-07
1° tome/Classeur1 Originaux.pdf;9;1° tome/007 Sans titre - 10.jpg;Tome 01 - 1781-1800/Tome 01 - scan 0009 - feuillet.jpg;6.941774586266547e-07
1° tome/Classeur1 Originaux.pdf;10;1° tome/008 Sans titre - 11.jpg;Tome 01 - 1781-1800/Tome 01 - scan 0010 - feuillet.jpg;7.288863344001584e-07
1° tome/Classeur1 Originaux.pdf;11;1° tome/009 Sans titre - 12.jpg;Tome 01 - 1781-1800/Tome 01 - scan 0011 - feuillet.jpg;9.745183433551574e-07
1° tome/Classeur1 Originaux.pdf;12;1° tome/010 Sans titre - 13.jpg;Tome 01 - 1781-1800/Tome 01 - scan 0012 - feuillet.jpg;4.7257461233130016e-07
1° tome/Classeur1 Originaux.pdf;13;1° tome/011 Sans titre - 14.jpg;Tome 01 - 1781-1800/Tome 01 - scan 0013 - feuillet.jpg;5.740313326896285e-07
1° tome/Classeur1 Originaux.pdf;14;1° tome/012 Sans titre - 15.jpg;Tome 01 - 1781-1800/Tome 01 - scan 0014 - feuillet.jpg;8.730615377317008e-07
1° tome/Classeur1 Originaux.pdf;15;1° tome/013 Sans titre - 16.jpg;Tome 01 - 1781-1800/Tome 01 - scan 0015 - feuillet.jpg;3.791276697029389e-07
1° tome/Classeur1 Originaux.pdf;16;1° tome/014 Sans titre - 17.jpg;Tome 01 - 1781-1800/Tome 01 - scan 0016 - feuillet.jpg;5.099533950669866e-07
1° tome/Classeur1 Originaux.pdf;17;1° tome/015 Sans titre - 18.jpg;Tome 01 - 1781-1800/Tome 01 - scan 0017 - feuillet.jpg;3.924772329355619e-07
1° tome/Classeur1 Originaux.pdf;18;1° tome/016 Sans titre - 19.jpg;Tome 01 - 1781-1800/Tome 01 - scan 0018 - feuillet.jpg;8.657458965899423e-05
1° tome/Classeur1 Originaux.pdf;19;1° tome/017 Sans titre - 20.jpg;Tome 01 - 1781-1800/Tome 01 - scan 0019 - feuillet.jpg;7.395659054054704e-07
1° tome/Classeur1 Originaux.pdf;20;1° tome/018 Sans titre - 21.jpg;Tome 01 - 1781-1800/Tome 01 - scan 0020 - feuillet.jpg;4.912640179099981e-07
1° tome/Classeur1 Originaux.pdf;21;1° tome/019 Sans titre - 22.jpg;Tome 01 - 1781-1800/Tome 01 - scan 0021 - feuillet.jpg;4.004869822438195e-07
1° tome/Classeur1 Originaux.pdf;22;1° tome/020 Sans titre - 23.jpg;Tome 01 - 1781-1800/Tome 01 - scan 0022 - feuillet.jpg;4.0315688920600223e-07
1° tome/Classeur1 Originaux.pdf;23;1° tome/021 Sans titre - 24.jpg;Tome 01 - 1781-1800/Tome 01 - scan 0023 - feuillet.jpg;5.793711466139939e-07
1° tome/Classeur1 Originaux.pdf;24;1° tome/022 Sans titre - 25.jpg;Tome 01 - 1781-1800/Tome 01 - scan 0024 - feuillet.jpg;1.0012174698204035e-06
1° tome/Classeur1 Originaux.pdf;25;1° tome/023 Sans titre - 26.jpg;Tome 01 - 1781-1800/Tome 01 - scan 0025 - feuillet.jpg;6.19419836311863e-07
1° tome/Classeur1 Originaux.pdf;26;1° tome/024 chap 2 Sans titre - 27.jpg;Tome 01 - 1781-1800/Tome 01 - scan 0026 - feuillet.jpg;3.2305948138855456e-07
1° tome/Classeur1 Originaux.pdf;27;1° tome/025 Sans titre - 28.jpg;Tome 01 - 1781-1800/Tome 01 - scan 0027 - feuillet.jpg;6.941774586266547e-07
1° tome/Classeur1 Originaux.pdf;28;1° tome/026 Sans titre - 29.jpg;Tome 01 - 1781-1800/Tome 01 - scan 0028 - feuillet.jpg;3.150497605020064e-07
1° tome/Classeur1 Originaux.pdf;29;1° tome/027 Sans titre - 30.jpg;Tome 01 - 1781-1800/Tome 01 - scan 0029 - feuillet.jpg;3.7378785577857343e-07
1° tome/Classeur1 Originaux.pdf;30;1° tome/028 Sans titre - 31.jpg;Tome 01 - 1781-1800/Tome 01 - scan 0030 - feuillet.jpg;7.021871510914934e-07
1° tome/Classeur1 Originaux.pdf;31;1° tome/029 Sans titre - 32.jpg;Tome 01 - 1781-1800/Tome 01 - scan 0031 - feuillet.jpg;6.621384613936243e-07
1° tome/Classeur1 Originaux.pdf;32;1° tome/030 Sans titre - 33.jpg;Tome 01 - 1781-1800/Tome 01 - scan 0032 - feuillet.jpg;4.084967031303677e-07
1° tome/Classeur1 Originaux.pdf;33;1° tome/031 Sans titre - 34.jpg;Tome 01 - 1781-1800/Tome 01 - scan 0033 - feuillet.jpg;4.592250490986771e-07
1° tome/Classeur1 Originaux.pdf;34;1° tome/032 Sans titre - 35.jpg;Tome 01 - 1781-1800/Tome 01 - scan 0034 - feuillet.jpg;7.288862775567395e-07
1° tome/Classeur1 Originaux.pdf;35;1° tome/033 Sans titre - 36.jpg;Tome 01 - 1781-1800/Tome 01 - scan 0035 - feuillet.jpg;2.3495235268455872e-07
1° tome/Classeur1 Originaux.pdf;36;1° tome/034 Sans titre - 37.jpg;Tome 01 - 1781-1800/Tome 01 - scan 0036 - feuillet.jpg;7.929642720228003e-07
1° tome/Classeur1 Originaux.pdf;37;1° tome/035 Sans titre - 38.jpg;Tome 01 - 1781-1800/Tome 01 - scan 0037 - feuillet.jpg;4.485453928282368e-07
1° tome/Classeur1 Originaux.pdf;38;1° tome/036 Sans titre - 39.jpg;Tome 01 - 1781-1800/Tome 01 - scan 0038 - feuillet.jpg;7.475757115571469e-07
1° tome/Classeur1 Originaux.pdf;39;1° tome/037 Sans titre - 40.jpg;Tome 01 - 1781-1800/Tome 01 - scan 0039 - feuillet.jpg;7.50245646941039e-07
1° tome/Classeur1 Originaux.pdf;40;1° tome/038 Sans titre - 41.jpg;Tome 01 - 1781-1800/Tome 01 - scan 0040 - feuillet.jpg;8.570421528020233e-07
1° tome/Classeur1 Originaux.pdf;41;1° tome/039 Sans titre - 42.jpg;Tome 01 - 1781-1800/Tome 01 - scan 0041 - feuillet.jpg;4.485453928282368e-07
1° tome/Classeur1 Originaux.pdf;42;1° tome/040 Sans titre - 43.jpg;Tome 01 - 1781-1800/Tome 01 - scan 0042 - feuillet.jpg;4.298560156712483e-07
1° tome/Classeur1 Originaux.pdf;43;1° tome/041 Sans titre - 44.jpg;Tome 01 - 1781-1800/Tome 01 - scan 0043 - feuillet.jpg;5.713613973057363e-07
1° tome/Classeur1 Originaux.pdf;44;1° tome/042 Sans titre - 45.jpg;Tome 01 - 1781-1800/Tome 01 - scan 0044 - feuillet.jpg;7.635951533302432e-07
1° tome/Classeur1 Originaux.pdf;45;1° tome/043 Sans titre - 46.jpg;Tome 01 - 1781-1800/Tome 01 - scan 0045 - feuillet.jpg;6.007304591548746e-07
1° tome/Classeur1 Originaux.pdf;46;1° tome/044 Sans titre - 48.jpg;Tome 01 - 1781-1800/Tome 01 - scan 0046 - feuillet.jpg;6.19419836311863e-07
1° tome/Classeur1 Originaux.pdf;47;1° tome/045 Sans titre - 49.jpg;Tome 01 - 1781-1800/Tome 01 - scan 0047 - feuillet.jpg;6.354393917717971e-07
1° tome/Classeur1 Originaux.pdf;48;1° tome/046 Sans titre - 50.jpg;Tome 01 - 1781-1800/Tome 01 - scan 0048 - feuillet.jpg;4.3519582959561376e-07
1° tome/Classeur1 Originaux.pdf;49;1° tome/047 Sans titre - 51.jpg;Tome 01 - 1781-1800/Tome 01 - scan 0049 - feuillet.jpg;4.64564891444752e-07
1° tome/Classeur1 Originaux.pdf;50;1° tome/048 Sans titre - 52.jpg;Tome 01 - 1781-1800/Tome 01 - scan 0050 - feuillet.jpg;4.7257461233130016e-07
1° tome/Classeur1 Originaux.pdf;51;1° tome/049 Sans titre - 53.jpg;Tome 01 - 1781-1800/Tome 01 - scan 0051 - feuillet.jpg;5.767012680735206e-07
1° tome/Classeur1 Originaux.pdf;52;1° tome/050 Sans titre - 54.jpg;Tome 01 - 1781-1800/Tome 01 - scan 0052 - feuillet.jpg;5.873808390788327e-07
1° tome/Classeur1 Originaux.pdf;53;1° tome/051 Sans titre - 55.jpg;Tome 01 - 1781-1800/Tome 01 - scan 0053 - feuillet.jpg;5.233029582996096e-07
1° tome/Classeur1 Originaux.pdf;54;1° tome/052 Sans titre - 56.jpg;Tome 01 - 1781-1800/Tome 01 - scan 0054 - feuillet.jpg;5.660215833813709e-07
1° tome/Classeur1 Originaux.pdf;55;1° tome/053 Sans titre - 57.jpg;Tome 01 - 1781-1800/Tome 01 - scan 0055 - feuillet.jpg;4.752445192934829e-07
1° tome/Classeur1 Originaux.pdf;56;1° tome/054 Sans titre - 58.jpg;Tome 01 - 1781-1800/Tome 01 - scan 0056 - feuillet.jpg;7.635951533302432e-07
1° tome/Classeur1 Originaux.pdf;57;1° tome/055 Sans titre - 59.jpg;Tome 01 - 1781-1800/Tome 01 - scan 0057 - feuillet.jpg;5.740313326896285e-07
1° tome/Classeur1 Originaux.pdf;58;1° tome/056 Sans titre - 60.jpg;Tome 01 - 1781-1800/Tome 01 - scan 0058 - feuillet.jpg;6.808278385506128e-07
1° tome/Classeur1 Originaux.pdf;59;1° tome/057 Sans titre - 61.jpg;Tome 01 - 1781-1800/Tome 01 - scan 0059 - feuillet.jpg;3.604382925459504e-07
1° tome/Classeur1 Originaux.pdf;60;1° tome/058 Sans titre - 62.jpg;Tome 01 - 1781-1800/Tome 01 - scan 0060 - feuillet.jpg;3.5776838558376767e-07
1° tome/Classeur1 Originaux.pdf;61;1° tome/059 Sans titre - 63.jpg;Tome 01 - 1781-1800/Tome 01 - scan 0061 - feuillet.jpg;3.5776838558376767e-07
1° tome/Classeur1 Originaux.pdf;62;1° tome/060 Sans titre - 64.jpg;Tome 01 - 1781-1800/Tome 01 - scan 0062 - feuillet.jpg;3.631081995081331e-07
1° tome/Classeur1 Originaux.pdf;63;1° tome/061 Sans titre - 65.jpg;Tome 01 - 1781-1800/Tome 01 - scan 0063 - feuillet.jpg;3.817975766651216e-07
1° tome/Classeur1 Originaux.pdf;64;1° tome/062 Sans titre - 66.jpg;Tome 01 - 1781-1800/Tome 01 - scan 0064 - feuillet.jpg;4.084967031303677e-07
1° tome/Classeur1 Originaux.pdf;65;1° tome/063 Sans titre - 67.jpg;Tome 01 - 1781-1800/Tome 01 - scan 0065 - feuillet.jpg;4.165064524386253e-07
1° tome/Classeur1 Originaux.pdf;66;1° tome/064 Sans titre - 68.jpg;Tome 01 - 1781-1800/Tome 01 - scan 0066 - feuillet.jpg;5.366525215322326e-07
1° tome/Classeur1 Originaux.pdf;67;1° tome/065 Sans titre - 69.jpg;Tome 01 - 1781-1800/Tome 01 - scan 0067 - feuillet.jpg;6.487889550044201e-07
1° tome/Classeur1 Originaux.pdf;68;1° tome/066 Sans titre - 70.jpg;Tome 01 - 1781-1800/Tome 01 - scan 0068 - feuillet.jpg;4.218462663629907e-07
1° tome/Classeur1 Originaux.pdf;69;1° tome/067 Sans titre - 71.jpg;Tome 01 - 1781-1800/Tome 01 - scan 0069 - feuillet.jpg;1.1026741049136035e-06
1° tome/Classeur1 Originaux.pdf;70;1° tome/068 Sans titre - 72.jpg;Tome 01 - 1781-1800/Tome 01 - scan 0070 - feuillet.jpg;5.313127076078672e-07
1° tome/Classeur1 Originaux.pdf;71;1° tome/069 Sans titre - 73.jpg;Tome 01 - 1781-1800/Tome 01 - scan 0071 - feuillet.jpg;3.6043823570253153e-07
1° tome/Classeur1 Originaux.pdf;72;1° tome/070 Sans titre - 74.jpg;Tome 01 - 1781-1800/Tome 01 - scan 0072 - feuillet.jpg;5.900507744627248e-07
1° tome/Classeur1 Originaux.pdf;73;1° tome/071 Sans titre - 75.jpg;Tome 01 - 1781-1800/Tome 01 - scan 0073 - feuillet.jpg;8.00973964487639e-07
1° tome/Classeur1 Originaux.pdf;74;1° tome/072 Sans titre - 76.jpg;Tome 01 - 1781-1800/Tome 01 - scan 0074 - feuillet.jpg;7.155367711675353e-07
1° tome/Classeur1 Originaux.pdf;75;1° tome/073 Sans titre - 77.jpg;Tome 01 - 1781-1800/Tome 01 - scan 0075 - feuillet.jpg;6.354393349283782e-07
1° tome/Classeur1 Originaux.pdf;76;1° tome/074 Sans titre - 78.jpg;Tome 01 - 1781-1800/Tome 01 - scan 0076 - feuillet.jpg;8.78401465342904e-07
1° tome/Classeur1 Originaux.pdf;77;1° tome/075 Sans titre - 79.jpg;Tome 01 - 1781-1800/Tome 01 - scan 0077 - feuillet.jpg;9.29129782889504e-07
1° tome/Classeur1 Originaux.pdf;78;1° tome/076 Sans titre - 80.jpg;Tome 01 - 1781-1800/Tome 01 - scan 0078 - feuillet.jpg;5.0461363798604e-07
1° tome/Classeur1 Originaux.pdf;79;1° tome/077 Sans titre - 81.jpg;Tome 01 - 1781-1800/Tome 01 - scan 0079 - feuillet.jpg;4.485453928282368e-07
1° tome/Classeur1 Originaux.pdf;80;1° tome/078 Sans titre - 82.jpg;Tome 01 - 1781-1800/Tome 01 - scan 0080 - feuillet.jpg;5.419923354565981e-07
1° tome/Classeur1 Originaux.pdf;81;1° tome/079 Sans titre - 83.jpg;Tome 01 - 1781-1800/Tome 01 - scan 0081 - feuillet.jpg;1.00655722690135e-06
1° tome/Classeur1 Originaux.pdf;82;1° tome/080 Sans titre - 84.jpg;Tome 01 - 1781-1800/Tome 01 - scan 0082 - feuillet.jpg;5.126233304508787e-07
1° tome/Classeur1 Originaux.pdf;83;1° tome/081 Sans titre - 85.jpg;Tome 01 - 1781-1800/Tome 01 - scan 0083 - feuillet.jpg;6.247597070796473e-07
1° tome/Classeur1 Originaux.pdf;84;1° tome/082 Sans titre - 86.jpg;Tome 01 - 1781-1800/Tome 01 - scan 0084 - feuillet.jpg;1.054615609064058e-06
1° tome/Classeur1 Originaux.pdf;85;1° tome/083 Sans titre - 87.jpg;Tome 01 - 1781-1800/Tome 01 - scan 0085 - feuillet.jpg;6.140799655440787e-07
1° tome/Classeur1 Originaux.pdf;86;1° tome/084 Sans titre - 88.jpg;Tome 01 - 1781-1800/Tome 01 - scan 0086 - feuillet.jpg;6.621385182370432e-07
1° tome/Classeur1 Originaux.pdf;87;1° tome/085 Sans titre - 89.jpg;Tome 01 - 1781-1800/Tome 01 - scan 0087 - feuillet.jpg;3.2038960284808127e-07
1° tome/Classeur1 Originaux.pdf;88;1° tome/086 Sans titre - 90.jpg;Tome 01 - 1781-1800/Tome 01 - scan 0088 - feuillet.jpg;3.150497605020064e-07
1° tome/Classeur1 Originaux.pdf;89;1° tome/087 Sans titre - 91.jpg;Tome 01 - 1781-1800/Tome 01 - scan 0089 - feuillet.jpg;3.310692591185216e-07
1° tome/Classeur1 Originaux.pdf;90;1° tome/088 Sans titre - 92.jpg;Tome 01 - 1781-1800/Tome 01 - scan 0090 - feuillet.jpg;3.043701042315661e-07
1° tome/Classeur1 Originaux.pdf;91;1° tome/089 Sans titre - 93.jpg;Tome 01 - 1781-1800/Tome 01 - scan 0091 - feuillet.jpg;4.0315688920600223e-07
1° tome/Classeur1 Originaux.pdf;92;1° tome/090 Sans titre - 94.jpg;Tome 01 - 1781-1800/Tome 01 - scan 0092 - feuillet.jpg;5.393224569161248e-07
1° tome/Classeur1 Originaux.pdf;93;1° tome/091 Sans titre - 95.jpg;Tome 01 - 1781-1800/Tome 01 - scan 0093 - feuillet.jpg;2.6699129307417024e-07
1° tome/Classeur1 Originaux.pdf;94;1° tome/092 Sans titre - 96.jpg;Tome 01 - 1781-1800/Tome 01 - scan 0094 - feuillet.jpg;3.7645776274075615e-07
1° tome/Classeur1 Originaux.pdf;95;1° tome/093 Sans titre - 97.jpg;Tome 01 - 1781-1800/Tome 01 - scan 0095 - feuillet.jpg;3.791276697029389e-07
1° tome/Classeur1 Originaux.pdf;96;1° tome/094 Sans titre - 98.jpg;Tome 01 - 1781-1800/Tome 01 - scan 0096 - feuillet.jpg;2.0558331925712992e-07
1° tome/Classeur1 Originaux.pdf;97;1° tome/095 Sans titre - 99.jpg;Tome 01 - 1781-1800/Tome 01 - scan 0097 - feuillet.jpg;3.2038957442637184e-07
1° tome/Classeur1 Originaux.pdf;98;1° tome/096 Sans titre - 100.jpg;Tome 01 - 1781-1800/Tome 01 - scan 0098 - feuillet.jpg;2.9369044796112576e-07
1° tome/Classeur1 Originaux.pdf;99;1° tome/097 Sans titre - 101.jpg;Tome 01 - 1781-1800/Tome 01 - scan 0099 - feuillet.jpg;4.752445192934829e-07
1° tome/Classeur1 Originaux.pdf;100;1° tome/098 Sans titre - 102.jpg;Tome 01 - 1781-1800/Tome 01 - scan 0100 - feuillet.jpg;2.856807270745776e-07
1° tome/Classeur1 Originaux.pdf;101;1° tome/099 Sans titre - 103.jpg;Tome 01 - 1781-1800/Tome 01 - scan 0101 - feuillet.jpg;5.01943645758729e-07
1° tome/Classeur1 Originaux.pdf;102;1° tome/100 Sans titre - 104.jpg;Tome 01 - 1781-1800/Tome 01 - scan 0102 - feuillet.jpg;3.417488869672525e-07
1° tome/Classeur1 Originaux.pdf;103;1° tome/101 Sans titre - 106.jpg;Tome 01 - 1781-1800/Tome 01 - scan 0103 - feuillet.jpg;3.550984501998755e-07
1° tome/Classeur1 Originaux.pdf;104;1° tome/102 Sans titre - 107.jpg;Tome 01 - 1781-1800/Tome 01 - scan 0104 - feuillet.jpg;3.417488869672525e-07
1° tome/Classeur1 Originaux.pdf;105;1° tome/103 Sans titre - 108.jpg;Tome 01 - 1781-1800/Tome 01 - scan 0105 - feuillet.jpg;2.509718228793645e-07
1° tome/Classeur1 Originaux.pdf;106;1° tome/104 Sans titre - 109.jpg;Tome 01 - 1781-1800/Tome 01 - scan 0106 - feuillet.jpg;6.087401516197133e-07
1° tome/Classeur1 Originaux.pdf;107;1° tome/105 Sans titre - 110.jpg;Tome 01 - 1781-1800/Tome 01 - scan 0107 - feuillet.jpg;3.8446751204901375e-07
1° tome/Classeur1 Originaux.pdf;108;1° tome/106 Sans titre - 111.jpg;Tome 01 - 1781-1800/Tome 01 - scan 0108 - feuillet.jpg;4.165064524386253e-07
1° tome/Classeur1 Originaux.pdf;109;1° tome/107 Sans titre - 112.jpg;Tome 01 - 1781-1800/Tome 01 - scan 0109 - feuillet.jpg;6.034003376953478e-07
1° tome/Classeur1 Originaux.pdf;110;1° tome/108 Sans titre - 113.jpg;Tome 01 - 1781-1800/Tome 01 - scan 0110 - feuillet.jpg;5.92720709846617e-07
1° tome/Classeur1 Originaux.pdf;111;1° tome/109 Sans titre - 114.jpg;Tome 01 - 1781-1800/Tome 01 - scan 0111 - feuillet.jpg;6.220897716957552e-07
1° tome/Classeur1 Originaux.pdf;112;1° tome/110 Sans titre - 115.jpg;Tome 01 - 1781-1800/Tome 01 - scan 0112 - feuillet.jpg;4.084967031303677e-07
1° tome/Classeur1 Originaux.pdf;113;1° tome/111 Sans titre - 116.jpg;Tome 01 - 1781-1800/Tome 01 - scan 0113 - feuillet.jpg;4.805843332178483e-07
1° tome/Classeur1 Originaux.pdf;114;1° tome/112 Sans titre - 117.jpg;Tome 01 - 1781-1800/Tome 01 - scan 0114 - feuillet.jpg;6.754880246262474e-07
1° tome/Classeur1 Originaux.pdf;115;1° tome/113 Sans titre - 118.jpg;Tome 01 - 1781-1800/Tome 01 - scan 0115 - feuillet.jpg;8.116535923363699e-07
1° tome/Classeur1 Originaux.pdf;116;1° tome/114 Sans titre - 119.jpg;Tome 01 - 1781-1800/Tome 01 - scan 0116 - feuillet.jpg;4.939338964504714e-07
1° tome/Classeur1 Originaux.pdf;117;1° tome/115 Sans titre - 120.jpg;Tome 01 - 1781-1800/Tome 01 - scan 0117 - feuillet.jpg;3.9514713989774464e-07
1° tome/Classeur1 Originaux.pdf;118;1° tome/116 Sans titre - 121.jpg;Tome 01 - 1781-1800/Tome 01 - scan 0118 - feuillet.jpg;5.072834596830944e-07
1° tome/Classeur1 Originaux.pdf;119;1° tome/117 Sans titre - 122.jpg;Tome 01 - 1781-1800/Tome 01 - scan 0119 - feuillet.jpg;6.220897716957552e-07
1° tome/Classeur1 Originaux.pdf;120;1° tome/118 Sans titre - 123.jpg;Tome 01 - 1781-1800/Tome 01 - scan 0120 - feuillet.jpg;6.220897716957552e-07
1° tome/Classeur1 Originaux.pdf;121;1° tome/119 Sans titre - 124.jpg;Tome 01 - 1781-1800/Tome 01 - scan 0121 - feuillet.jpg;5.68691518765263e-07
1° tome/Classeur1 Originaux.pdf;122;1° tome/120 Sans titre - 125.jpg;Tome 01 - 1781-1800/Tome 01 - scan 0122 - feuillet.jpg;5.553418986892211e-07
1° tome/Classeur1 Originaux.pdf;123;1° tome/121 Sans titre - 126.jpg;Tome 01 - 1781-1800/Tome 01 - scan 0123 - feuillet.jpg;5.313127076078672e-07
1° tome/Classeur1 Originaux.pdf;124;1° tome/122 Sans titre - 127.jpg;Tome 01 - 1781-1800/Tome 01 - scan 0124 - feuillet.jpg;9.611687801225344e-08
5° tome/1826 Cholera.pdf;1;5° tome/Sans titre - 15.jpg;Tome 05 - 1831-1840/Tome 05 - scan 0015 - feuillet.jpg;5.820410251544672e-07
5° tome/1826 Cholera.pdf;2;5° tome/Sans titre - 16.jpg;Tome 05 - 1831-1840/Tome 05 - scan 0016 - feuillet.jpg;9.211200904246652e-07
5° tome/1826 Cholera.pdf;3;5° tome/Sans titre - 17.jpg;Tome 05 - 1831-1840/Tome 05 - scan 0017 - feuillet.jpg;9.237899121217197e-07
5° tome/1826 Cholera.pdf;4;5° tome/Sans titre - 18.jpg;Tome 05 - 1831-1840/Tome 05 - scan 0018 - feuillet.jpg;1.118693489843281e-06
5° tome/1826 Cholera.pdf;5;5° tome/Sans titre - 20.jpg;Tome 05 - 1831-1840/Tome 05 - scan 0019 - feuillet.jpg;7.10196900399751e-07
5° tome/1826 Cholera.pdf;6;5° tome/Sans titre - 21.jpg;Tome 05 - 1831-1840/Tome 05 - scan 0020 - feuillet.jpg;6.354393349283782e-07
5° tome/1826 Cholera.pdf;7;5° tome/Sans titre - 22.jpg;Tome 05 - 1831-1840/Tome 05 - scan 0021 - feuillet.jpg;6.941774586266547e-07
5° tome/1826 Cholera.pdf;8;5° tome/Sans titre - 23.jpg;Tome 05 - 1831-1840/Tome 05 - scan 0022 - feuillet.jpg;7.582553394058777e-07
5° tome/1826 Cholera.pdf;9;5° tome/Sans titre - 24.jpg;Tome 05 - 1831-1840/Tome 05 - scan 0023 - feuillet.jpg;1.86893913678432e-08
5° tome/1826 Cholera.pdf;10;5° tome/Sans titre - 24a.jpg;Documents associés/Versions retouchées et annotées/Tome 05 - scan 0023 - version retouchée.jpg;7.529155254815123e-07
5° tome/1826 Cholera.pdf;11;5° tome/Sans titre - 24b.jpg;Documents associés/Versions retouchées et annotées/Tome 05 - scan 0023 - version annotée.jpg;1.1106837973784423e-06
5° tome/1826 Cholera.pdf;12;5° tome/Sans titre - 26.jpg;Tome 05 - 1831-1840/Tome 05 - scan 0024 - feuillet.jpg;6.434490842366358e-07
5° tome/1826 Cholera.pdf;13;5° tome/Sans titre - 27.jpg;Tome 05 - 1831-1840/Tome 05 - scan 0025 - feuillet.jpg;6.648083967775165e-07
5° tome/1826 Cholera.pdf;14;5° tome/Sans titre - 29.jpg;Tome 05 - 1831-1840/Tome 05 - scan 0026 - feuillet.jpg;6.995172157076013e-07
5° tome/1826 Cholera.pdf;15;5° tome/Sans titre - 30.jpg;Tome 05 - 1831-1840/Tome 05 - scan 0027 - feuillet.jpg;6.674783321614086e-07
4° tome/1822 propagation de la foi.pdf;1;4° tome/Sans titre - 37a.jpg;Documents associés/Versions retouchées et annotées/Tome 04 - scan 0036 - version retouchée.jpg;7.902942797954893e-07
4° tome/1822 propagation de la foi.pdf;2;4° tome/Sans titre - 38.jpg;Tome 04 - 1816-1830/Tome 04 - scan 0037 - feuillet.jpg;5.099533950669866e-07
4° tome/1822 propagation de la foi.pdf;3;4° tome/Sans titre - 39.jpg;Tome 04 - 1816-1830/Tome 04 - scan 0038 - feuillet.jpg;3.6844801343249856e-07
4° tome/1822 propagation de la foi.pdf;4;4° tome/Sans titre - 40.jpg;Tome 04 - 1816-1830/Tome 04 - scan 0039 - feuillet.jpg;6.888376447022893e-07
4° tome/1822 propagation de la foi.pdf;5;4° tome/Sans titre - 41.jpg;Tome 04 - 1816-1830/Tome 04 - scan 0040 - feuillet.jpg;6.034003945387667e-07
4° tome/1822 propagation de la foi.pdf;6;4° tome/Sans titre - 42.jpg;Tome 04 - 1816-1830/Tome 04 - scan 0041 - feuillet.jpg;8.250032124124118e-07
4° tome/1822 propagation de la foi.pdf;7;4° tome/Sans titre - 43.jpg;Tome 04 - 1816-1830/Tome 04 - scan 0042 - feuillet.jpg;8.730615377317008e-07
